Module_code,Module_name,Module_term
CX,Cemex S.A.B. de C.V.,Capital Goods
KVHI,"KVH Industries, Inc.",Technology
SALM,"Salem Media Group, Inc.",Consumer Services
WFC^N,Wells Fargo & Company,n/a
MDLX,Medley LLC,Finance
FRME,First Merchants Corporation,Finance
LL,"Lumber Liquidators Holdings, Inc",Consumer Services
GNTX,Gentex Corporation,Capital Goods
CGEN,Compugen Ltd.,Health Care
IMRN,Immuron Limited,Health Care
LH,Laboratory Corporation of America Holdings,Health Care
HTHT,"China Lodging Group, Limited",Consumer Services
ATV,"Acorn International, Inc.",Consumer Services
SIGI,"Selective Insurance Group, Inc.",Finance
ANDAR,Andina Acquisition Corp. II,Finance
MYJ,"Blackrock MuniYield New Jersey Fund, Inc.",n/a
VTWO,Vanguard Russell 2000 ETF,n/a
BHACW,Barington/Hilco Acquisition Corp.,Finance
ALLE,Allegion plc,Consumer Services
GMZ,Goldman Sachs MLP Income Opportunities Fund,n/a
TAST,"Carrols Restaurant Group, Inc.",Consumer Services
WFC^R,Wells Fargo & Company,n/a
FNWB,First Northwest Bancorp,Finance
AVX,AVX Corporation,Capital Goods
AUPH,Aurinia Pharmaceuticals Inc,Health Care
CROX,"Crocs, Inc.",Consumer Non-Durables
LKFN,Lakeland Financial Corporation,Finance
FNF,"Fidelity National Financial, Inc.",Finance
IMMR,Immersion Corporation,Technology
PSB^W,"PS Business Parks, Inc.",n/a
LZB,La-Z-Boy Incorporated,Consumer Durables
NSYS,Nortech Systems Incorporated,Capital Goods
ONTX,"Onconova Therapeutics, Inc.",Health Care
SRCE,1st Source Corporation,Finance
FCEF,First Trust CEF Income Opportunity ETF,n/a
UCP,"UCP, Inc.",Capital Goods
TEX,Terex Corporation,Capital Goods
HAYN,"Haynes International, Inc.",Capital Goods
CVLY,"Codorus Valley Bancorp, Inc",Finance
LCM,Advent/Claymore Enhanced Growth & Income Fund,n/a
GSBD,"Goldman Sachs BDC, Inc.",n/a
SFBS,"ServisFirst Bancshares, Inc.",Finance
CCO,"Clear Channel Outdoor Holdings, Inc.",Consumer Services
CONE,CyrusOne Inc,Consumer Services
MFC,Manulife Financial Corp,Finance
SYMC,Symantec Corporation,Technology
OSBCP,"Old Second Bancorp, Inc.",Finance
MOBL,"MobileIron, Inc.",Technology
OFED,Oconee Federal Financial Corp.,Finance
ZOES,"Zoe's Kitchen, Inc.",Consumer Services
LBIO,"Lion Biotechnologies, Inc.",Health Care
PX,"Praxair, Inc.",Basic Industries
EQBK,"Equity Bancshares, Inc.",Finance
ADAP,Adaptimmune Therapeutics plc,Health Care
ATHM,Autohome Inc.,Technology
NEE^I,"NextEra Energy, Inc.",n/a
CCI,Crown Castle International Corporation,Consumer Services
CLIRW,ClearSign Combustion Corporation,Capital Goods
LAWS,"Lawson Products, Inc.",Consumer Durables
FSCFL,Fifth Street Finance Corp.,n/a
SWIN,ALPS/Dorsey Wright Sector Momentum ETF,n/a
CCP,"Care Capital Properties, Inc.",Consumer Services
IGT,International Game Technology,Consumer Services
PUK^,Prudential Public Limited Company,n/a
CBS,CBS Corporation,Consumer Services
NHI,"National Health Investors, Inc.",Consumer Services
TENX,"Tenax Therapeutics, Inc.",Health Care
JOBS,"51job, Inc.",Technology
TANNL,TravelCenters of America LLC,Consumer Durables
NFLX,"Netflix, Inc.",Consumer Services
IPWR,Ideal Power Inc.,Energy
NM^G,Navios Maritime Holdings Inc.,n/a
LTXB,"LegacyTexas Financial Group, Inc.",Finance
KTEC,"Key Technology, Inc.",Technology
CMRX,"Chimerix, Inc.",Health Care
BLL,Ball Corporation,Consumer Durables
ROIC,Retail Opportunity Investments Corp.,Consumer Services
EYEG,"Eyegate Pharmaceuticals, Inc.",Health Care
REFR,Research Frontiers Incorporated,Miscellaneous
UTMD,"Utah Medical Products, Inc.",Health Care
DHT,"DHT Holdings, Inc.",Transportation
YRD,Yirendai Ltd.,Finance
FGL,Fidelity and Guaranty Life,Finance
OMED,"OncoMed Pharmaceuticals, Inc.",Health Care
BIP,Brookfield Infrastructure Partners LP,Consumer Services
DTF,"Duff & Phelps Utilities Tax-Free Income, Inc.",n/a
CSLT,"Castlight Health, inc.",Technology
FIVN,"Five9, Inc.",Technology
CMRX,"Chimerix, Inc.",Health Care
ST,Sensata Technologies Holding N.V.,Capital Goods
CABO,"Cable One, Inc.",Consumer Services
MTLS,Materialise NV,Technology
TXT,Textron Inc.,Capital Goods
IMGN,"ImmunoGen, Inc.",Health Care
WSTC,West Corporation,Miscellaneous
TOL,Toll Brothers Inc.,Capital Goods
FTRPR,Frontier Communications Corporation,Public Utilities
GTIM,Good Times Restaurants Inc.,Consumer Services
IX,Orix Corp Ads,Finance
STN,Stantec Inc,Consumer Services
BV,"Bazaarvoice, Inc.",Technology
AGRX,"Agile Therapeutics, Inc.",Health Care
AFST,"AmTrust Financial Services, Inc.",Finance
WDR,"Waddell & Reed Financial, Inc.",Finance
CLWT,Euro Tech Holdings Company Limited,Consumer Durables
ENSG,"The Ensign Group, Inc.",Health Care
MSI,"Motorola Solutions, Inc.",Technology
ELC,"Entergy Louisiana, Inc.",Public Utilities
RATE,"Bankrate, Inc.",Technology
F,Ford Motor Company,Capital Goods
ADI,"Analog Devices, Inc.",Technology
AMP,"AMERIPRISE FINANCIAL SERVICES, INC.",Finance
PM,Philip Morris International Inc,Consumer Non-Durables
ELS,"Equity Lifestyle Properties, Inc.",Consumer Services
MDCA,MDC Partners Inc.,Technology
ABR^A,Arbor Realty Trust,n/a
TMO,Thermo Fisher Scientific Inc,Capital Goods
TRCO,Tribune Media Company,Consumer Services
NI,"NiSource, Inc",Public Utilities
TRPX,Therapix Biosciences Ltd.,Health Care
SBFG,"SB Financial Group, Inc.",Finance
AUPH,Aurinia Pharmaceuticals Inc,Health Care
AMG,"Affiliated Managers Group, Inc.",Finance
CUBA,"The Herzfeld Caribbean Basin Fund, Inc.",n/a
CCZ,Comcast Corporation,Consumer Services
EFC,Ellington Financial LLC,Finance
QTWO,"Q2 Holdings, Inc.",Technology
WMLP,"Westmoreland Resource Partners, LP",Energy
DIAX,Nuveen Dow 30SM Dynamic Overwrite Fund,n/a
AHC,A.H. Belo Corporation,Consumer Services
DD,E.I. du Pont de Nemours and Company,Basic Industries
WFC^Y,Wells Fargo & Company,n/a
DLR^G,"Digital Realty Trust, Inc.",n/a
ADUS,Addus HomeCare Corporation,Health Care
SYNA,Synaptics Incorporated,Technology
WBMD,WebMD Health Corp,Miscellaneous
ITRI,"Itron, Inc.",Capital Goods
BCC,"Boise Cascade, L.L.C.",Consumer Services
EEMA,iShares MSCI Emerging Markets Asia Index Fund,n/a
GIMO,Gigamon Inc.,Technology
MMSI,"Merit Medical Systems, Inc.",Health Care
UCBI,"United Community Banks, Inc.",Finance
KRO,Kronos Worldwide Inc,Basic Industries
UA,"Under Armour, Inc.",Consumer Non-Durables
PUK,Prudential Public Limited Company,Finance
RNDB,"Randolph Bancorp, Inc.",Finance
FTCS,First Trust Capital Strength ETF,n/a
CUI,"CUI Global, Inc.",Consumer Non-Durables
LTEA,Long Island Iced Tea Corp.,Consumer Non-Durables
EWBC,"East West Bancorp, Inc.",Finance
PIY,"Merrill Lynch Depositor, Inc.",Finance
ORLY,"O'Reilly Automotive, Inc.",Consumer Services
FLR,Fluor Corporation,Basic Industries
WLL,Whiting Petroleum Corporation,Energy
BK^C,Bank Of New York Mellon Corporation (The),n/a
SFR,Colony Starwood Homes,Consumer Services
ETV,Eaton Vance Corporation,n/a
KODK,Eastman Kodak Company,Miscellaneous
SWKS,"Skyworks Solutions, Inc.",Technology
FNK,First Trust Mid Cap Value AlphaDEX Fund,n/a
THRM,Gentherm Inc,Capital Goods
WUBA,58.com Inc.,Technology
TGT,Target Corporation,Consumer Services
PEO,"Adams Natural Resources Fund, Inc.",n/a
NRIM,Northrim BanCorp Inc,Finance
LBIX,Leading Brands Inc,Consumer Non-Durables
MBFI,MB Financial Inc.,Finance
ESGE,iShares MSCI EM ESG Optimized ETF,n/a
INSG,Inseego Corp.,Consumer Durables
LKOR,FlexShares Credit-Scored US Long Corporate Bond Index Fund,n/a
FOSL,"Fossil Group, Inc.",Consumer Non-Durables
MHK,"Mohawk Industries, Inc.",Consumer Durables
AVY,Avery Dennison Corporation,Consumer Durables
ASIX,AdvanSix Inc.,Basic Industries
SRG,Seritage Growth Properties,Finance
SRUN,Silver Run Acquisition Corporation II,Finance
MTRX,Matrix Service Company,Basic Industries
HE^U,"Hawaiian Electric Industries, Inc.",n/a
ARDX,"Ardelyx, Inc.",Health Care
WFC^N,Wells Fargo & Company,n/a
HUBS,"HubSpot, Inc.",Technology
OA,"Orbital ATK, Inc.",Capital Goods
XGTI,"XG Technology, Inc",Consumer Durables
STT^C,State Street Corporation,n/a
PAACR,Pacific Special Acquisition Corp.,Finance
VUSE,Vident Core US Equity ETF,n/a
CATYW,Cathay General Bancorp,Finance
THO,"Thor Industries, Inc.",Consumer Non-Durables
CNDT,Conduent Incorporated,Miscellaneous
BIG,"Big Lots, Inc.",Consumer Services
RIBT,RiceBran Technologies,Consumer Non-Durables
ORA,"Ormat Technologies, Inc.",Public Utilities
CVCY,Central Valley Community Bancorp,Finance
IBTX,"Independent Bank Group, Inc",Finance
USB,U.S. Bancorp,Finance
DTQ,DTE Energy Company,Public Utilities
GDV^G,Gabelli Dividend,n/a
LUNA,Luna Innovations Incorporated,Health Care
JELD,"JELD-WEN Holding, Inc.",Basic Industries
DKT,Deutsch Bk Contingent Cap Tr V,Finance
ASND,Ascendis Pharma A/S,Health Care
BCS^D,Barclays PLC,n/a
NOW,"ServiceNow, Inc.",Technology
SHO^F,"Sunstone Hotel Investors, Inc.",n/a
CDOR,"Condor Hospitality Trust, Inc.",Consumer Services
WBA,"Walgreens Boots Alliance, Inc.",Health Care
HBANN,Huntington Bancshares Incorporated,Finance
SA,"Seabridge Gold, Inc.",Basic Industries
CYTR,CytRx Corporation,Health Care
CINR,Ciner Resources LP,Basic Industries
SOHOM,Sotherly Hotels LP,Consumer Services
DLTR,"Dollar Tree, Inc.",Consumer Services
REX,REX American Resources Corporation,Basic Industries
MA,Mastercard Incorporated,Miscellaneous
PENN,"Penn National Gaming, Inc.",Consumer Services
JMEI,Jumei International Holding Limited,Consumer Services
FOLD,"Amicus Therapeutics, Inc.",Health Care
PCSB,PCSB Financial Corporation,Finance
PUK,Prudential Public Limited Company,Finance
CNI,Canadian National Railway Company,Transportation
AMSWA,"American Software, Inc.",Technology
TSI,"TCW Strategic Income Fund, Inc.",n/a
SLG,SL Green Realty Corporation,Consumer Services
FSLR,"First Solar, Inc.",Technology
RJF,"Raymond James Financial, Inc.",Finance
ECA,Encana Corporation,Energy
MYCC,"ClubCorp Holdings, Inc.",Consumer Services
PIR,"Pier 1 Imports, Inc.",Consumer Services
ACNB,ACNB Corporation,Finance
DLR^I,"Digital Realty Trust, Inc.",n/a
PRE^G,PartnerRe Ltd.,n/a
CSL,Carlisle Companies Incorporated,Basic Industries
SCZ,iShares MSCI EAFE Small-Cap ETF,n/a
NDRA,ENDRA Life Sciences Inc.,n/a
PHG,Koninklijke Philips N.V.,Energy
SVRA,"Savara, Inc.",Health Care
CADC,"China Advanced Construction Materials Group, Inc.",Basic Industries
FCN,"FTI Consulting, Inc.",Consumer Services
IRWD,"Ironwood Pharmaceuticals, Inc.",Health Care
CLIR,ClearSign Combustion Corporation,Capital Goods
GUID,"Guidance Software, Inc.",Technology
AKRX,"Akorn, Inc.",Health Care
PBIP,"Prudential Bancorp, Inc.",Finance
IFON,InfoSonics Corp,Consumer Non-Durables
INDY,iShares S&P India Nifty 50 Index Fund,n/a
DEX,Delaware Enhanced Global Dividend,n/a
NBHC,National Bank Holdings Corporation,Finance
WMC,Western Asset Mortgage Capital Corporation,Consumer Services
QQQX,Nuveen NASDAQ 100 Dynamic Overwrite Fund,n/a
NTB,Bank of N.T. Butterfield & Son Limited (The),Finance
ORAN,Orange,Public Utilities
GIMO,Gigamon Inc.,Technology
NDRO,Enduro Royalty Trust,Energy
BWG,Legg Mason BW Global Income Opportunities Fund Inc.,n/a
OIA,Invesco Municipal Income Opportunities Trust,n/a
ITEQ,BlueStar TA-BIGITech Israel Technology ETF,n/a
HHC,Howard Hughes Corporation (The),Consumer Services
APTI,"Apptio, Inc.",Technology
NHTC,Natural Health Trends Corp.,Consumer Durables
COLM,Columbia Sportswear Company,Consumer Non-Durables
HMTA,HomeTown Bankshares Corporation,Finance
HOMB,"Home BancShares, Inc.",Finance
DFVL,iPath US Treasury 5-year Bull ETN,Finance
RZA,"Reinsurance Group of America, Incorporated",Finance
NWS,News Corporation,Consumer Services
EEFT,"Euronet Worldwide, Inc.",Finance
BP,BP p.l.c.,Energy
NTWK,NetSol Technologies Inc.,Technology
WSR,Whitestone REIT,Consumer Services
HOTR,"Chanticleer Holdings, Inc.",Consumer Services
ENLK,"EnLink Midstream Partners, LP",Public Utilities
EIG,Employers Holdings Inc,Finance
MNOV,"MediciNova, Inc.",Health Care
TS,Tenaris S.A.,Basic Industries
SKT,"Tanger Factory Outlet Centers, Inc.",Consumer Services
ZPIN,Zhaopin Limited,Technology
ELOS,Syneron Medical Ltd.,Health Care
KOSS,Koss Corporation,Consumer Non-Durables
JBK,Lehman ABS Corporation,Finance
FMNB,Farmers National Banc Corp.,Finance
ZOES,"Zoe's Kitchen, Inc.",Consumer Services
CORT,Corcept Therapeutics Incorporated,Health Care
UAN,"CVR Partners, LP",Basic Industries
TESO,Tesco Corporation,Energy
FORTY,Formula Systems (1985) Ltd.,Technology
X,United States Steel Corporation,Basic Industries
CGO,Calamos Global Total Return Fund,n/a
FII,"Federated Investors, Inc.",Finance
PFPT,"Proofpoint, Inc.",Technology
AETI,"American Electric Technologies, Inc.",Energy
VZA,Verizon Communications Inc.,Public Utilities
SFE,"Safeguard Scientifics, Inc.",Finance
WHF,"WhiteHorse Finance, Inc.",n/a
FNTEW,FinTech Acquisition Corp. II,Finance
STKS,"The ONE Group Hospitality, Inc.",Consumer Services
CUK,Carnival Corporation,Consumer Services
OMAM,OM Asset Management plc,Finance
HOFT,Hooker Furniture Corporation,Consumer Durables
IVR^B,INVESCO MORTGAGE CAPITAL INC,n/a
BBDO,Banco Bradesco Sa,Finance
ABEO,Abeona Therapeutics Inc.,Health Care
MAS,Masco Corporation,Basic Industries
HIO,"Western Asset High Income Opportunity Fund, Inc.",n/a
WPPGY,WPP plc,Technology
CVEO,Civeo Corporation,Consumer Services
DELT,Delta Technology Holdings Limited,Basic Industries
CTR,ClearBridge Energy MLP Total Return Fund Inc.,n/a
CINF,Cincinnati Financial Corporation,Finance
TTEC,"TeleTech Holdings, Inc.",Technology
MYJ,"Blackrock MuniYield New Jersey Fund, Inc.",n/a
RKDA,"Arcadia Biosciences, Inc.",Basic Industries
VGI,Virtus Global Multi-Sector Income Fund,n/a
CRAI,"CRA International,Inc.",Miscellaneous
KORS,Michael Kors Holdings Limited,Consumer Non-Durables
SCE^H,Southern California Edison Company,n/a
WFC^J,Wells Fargo & Company,n/a
SFST,"Southern First Bancshares, Inc.",Finance
MDLX,Medley LLC,Finance
MASI,Masimo Corporation,Health Care
OLN,Olin Corporation,Basic Industries
CSPI,CSP Inc.,Technology
BBGI,"Beasley Broadcast Group, Inc.",Consumer Services
ZNGA,Zynga Inc.,Technology
GTT,"GTT Communications, Inc.",Public Utilities
CNCE,"Concert Pharmaceuticals, Inc.",Health Care
PBBI,"PB Bancorp, Inc.",Finance
TECH,Bio-Techne Corp,Health Care
SLRA,Solar Capital Ltd.,n/a
YORW,The York Water Company,Public Utilities
CASM,"CAS Medical Systems, Inc.",Health Care
LAYN,Layne Christensen Company,Basic Industries
COTV,"Cotiviti Holdings, Inc.",Miscellaneous
LMRKO,Landmark Infrastructure Partners LP,Consumer Services
BDC,Belden Inc,Basic Industries
IHD,Voya Emerging Markets High Income Dividend Equity Fund,n/a
JLS,Nuveen Mortgage Opportunity Term Fund,n/a
MCD,McDonald's Corporation,Consumer Services
CRESY,Cresud S.A.C.I.F. y A.,Finance
CNCO,Cencosud S.A.,Consumer Services
DSX^B,Diana Shipping inc.,n/a
PF,"Pinnacle Foods, Inc.",Consumer Non-Durables
RCKY,"Rocky Brands, Inc.",Consumer Non-Durables
ADRO,"Aduro Biotech, Inc.",Health Care
SGMS,Scientific Games Corp,Technology
DWLV,PowerShares DWA Momentum & Low Volatility Rotation Portfolio,n/a
MANH,"Manhattan Associates, Inc.",Technology
NMT,Nuveen Massachusetts Municipal Income Fund,n/a
ARRY,Array BioPharma Inc.,Health Care
EKSO,"Ekso Bionics Holdings, Inc.",Capital Goods
HIG,"Hartford Financial Services Group, Inc. (The)",Finance
DTE,DTE Energy Company,Public Utilities
THGA,"The Hanover Insurance Group, Inc.",Finance
NVDQ,Novadaq Technologies Inc,Health Care
PSA^A,Public Storage,n/a
MAR,Marriott International,Consumer Services
CTU,Qwest Corporation,Public Utilities
IIVI,II-VI Incorporated,Capital Goods
SDRL,Seadrill Limited,Energy
CHSCP,CHS Inc,Consumer Services
CRAI,"CRA International,Inc.",Miscellaneous
PN,"Patriot National, Inc.",Finance
SREV,"ServiceSource International, Inc.",Miscellaneous
UONE,"Urban One, Inc. ",Consumer Services
EVA,"Enviva Partners, LP",Basic Industries
ECOL,"US Ecology, Inc.",Public Utilities
NCBS,Nicolet Bankshares Inc.,Finance
NTES,"NetEase, Inc.",Miscellaneous
RLGY,Realogy Holdings Corp.,Finance
SBRA,"Sabra Healthcare REIT, Inc.",Consumer Services
GLOP^A,GasLog Partners LP,n/a
GILT,Gilat Satellite Networks Ltd.,Technology
FTAI,Fortress Transportation and Infrastructure Investors LLC,n/a
AGRX,"Agile Therapeutics, Inc.",Health Care
SCE^K,Southern California Edison Company,n/a
FSBK,First South Bancorp Inc,Finance
TWX,Time Warner Inc.,Consumer Services
GLPG,Galapagos NV,Health Care
HEP,"Holly Energy Partners, L.P.",Energy
SKYY,First Trust Cloud Computing ETF,n/a
BBP,BioShares Biotechnology Products Fund,n/a
GNRT,"Gener8 Maritime, Inc.",Transportation
GUT,Gabelli Utility Trust (The),n/a
TZOO,Travelzoo,Technology
NBTB,NBT Bancorp Inc.,Finance
IIN,IntriCon Corporation,Capital Goods
WDR,"Waddell & Reed Financial, Inc.",Finance
PFIS,Peoples Financial Services Corp. ,Finance
FBC,"Flagstar Bancorp, Inc.",Finance
NDRAW,ENDRA Life Sciences Inc.,n/a
KEM,Kemet Corporation,Capital Goods
SDR,SandRidge Mississippian Trust II,Energy
SRET,Global X SuperDividend REIT ETF,n/a
MACQU,"M I Acquisitions, Inc.",n/a
AMH^C,American Homes 4 Rent,n/a
ONDK,"On Deck Capital, Inc.",Finance
IDCC,"InterDigital, Inc.",Miscellaneous
CORE,"Core-Mark Holding Company, Inc.",Consumer Non-Durables
EVA,"Enviva Partners, LP",Basic Industries
MSGN,MSG Networks Inc.,Consumer Services
TAYD,"Taylor Devices, Inc.",Capital Goods
INGN,"Inogen, Inc",Health Care
LBAI,"Lakeland Bancorp, Inc.",Finance
CS,Credit Suisse Group,Finance
SSBI,Summit State Bank,n/a
KAACU,Kayne Anderson Acquisition Corp.,Finance
TBPH,"Theravance Biopharma, Inc.",Health Care
ICD,"Independence Contract Drilling, Inc.",Energy
ZYNE,"Zynerba Pharmaceuticals, Inc.",Health Care
CLH,"Clean Harbors, Inc.",Basic Industries
JMEI,Jumei International Holding Limited,Consumer Services
MAIN,Main Street Capital Corporation,n/a
TEP,"Tallgrass Energy Partners, LP",Public Utilities
EVGBC,Eaton Vance NextShares Trust,n/a
G,Genpact Limited,Consumer Services
ADNT,Adient plc,Capital Goods
RCI,"Rogers Communication, Inc.",Consumer Services
HLIT,Harmonic Inc.,Technology
EPAY,"Bottomline Technologies, Inc.",Technology
COUP,Coupa Software Incorporated,Technology
ISTR,Investar Holding Corporation,Finance
RTEC,"Rudolph Technologies, Inc.",Capital Goods
BSL,Blackstone GSO Senior Floating Rate Term Fund,n/a
BFIN,BankFinancial Corporation,Finance
AF,Astoria Financial Corporation,Finance
AMDA,Amedica Corporation,Health Care
XPER,Xperi Corporation,Technology
AGNCB,AGNC Investment Corp.,Consumer Services
STOR,STORE Capital Corporation,Consumer Services
VVV,Valvoline Inc.,Basic Industries
DIS,Walt Disney Company (The),Consumer Services
FV,First Trust Dorsey Wright Focus 5 ETF,n/a
UPLD,"Upland Software, Inc.",Technology
RMAX,"RE/MAX Holdings, Inc.",Finance
HBANP,Huntington Bancshares Incorporated,Finance
CFA,VictoryShares US 500 Volatility Wtd ETF,n/a
ESES,"Eco-Stim Energy Solutions, Inc.",Energy
INSY,"Insys Therapeutics, Inc.",Health Care
DRE,Duke Realty Corporation,Consumer Services
LRGE,ClearBridge Large Cap Growth ESG ETF,n/a
UVE,UNIVERSAL INSURANCE HOLDINGS INC,Finance
DTLA^,Brookfield DTLA Inc.,n/a
CAPR,"Capricor Therapeutics, Inc.",Health Care
RMP,Rice Midstream Partners LP,Public Utilities
USA,Liberty All-Star Equity Fund,n/a
CLWT,Euro Tech Holdings Company Limited,Consumer Durables
ABM,ABM Industries Incorporated,Finance
IPHS,"Innophos Holdings, Inc.",Consumer Durables
PTEN,"Patterson-UTI Energy, Inc.",Energy
DELT,Delta Technology Holdings Limited,Basic Industries
HOFT,Hooker Furniture Corporation,Consumer Durables
AES,The AES Corporation,Basic Industries
VRML,"Vermillion, Inc.",Health Care
CBM,Cambrex Corporation,Health Care
CNFR,"Conifer Holdings, Inc.",Finance
SNFCA,Security National Financial Corporation,Finance
SPLP^A,Steel Partners Holdings LP,n/a
RDS.B,Royal Dutch Shell PLC,n/a
PKY,"Parkway, Inc.",n/a
QQEW,First Trust NASDAQ-100 Equal Weighted Index Fund,n/a
BMRN,BioMarin Pharmaceutical Inc.,Health Care
SSW^H,Seaspan Corporation,n/a
KMPH,"KemPharm, Inc.",Health Care
ITCB,Ita? CorpBanca,Finance
BANFP,BancFirst Corporation,Finance
MNP,"Western Asset Municipal Partners Fund, Inc.",n/a
NTRA,"Natera, Inc.",Health Care
G,Genpact Limited,Consumer Services
FRC^D,FIRST REPUBLIC BANK,n/a
IBA,"Industrias Bachoco, S.A. de C.V.",Consumer Non-Durables
HBP,"Huttig Building Products, Inc.",Consumer Services
NWHM,New Home Company Inc. (The),Capital Goods
WTFCW,Wintrust Financial Corporation,Finance
APPN,Appian Corporation,Technology
FJP,First Trust Japan AlphaDEX Fund,n/a
DIOD,Diodes Incorporated,Technology
SNES,"SenesTech, Inc.",Basic Industries
UAE,iShares MSCI UAE Capped ETF,n/a
TVE,Tennessee Valley Authority,Public Utilities
GTN.A,"Gray Television, Inc.",n/a
DPZ,Domino's Pizza Inc,Consumer Non-Durables
ARGS,"Argos Therapeutics, Inc.",Health Care
SMM,Salient Midstream & MLP Fund,n/a
NOW,"ServiceNow, Inc.",Technology
FBHS,"Fortune Brands Home & Security, Inc.",Basic Industries
SITE,"SiteOne Landscape Supply, Inc.",Consumer Non-Durables
CPAA,Conyers Park Acquisition Corp.,Finance
VRML,"Vermillion, Inc.",Health Care
ZIONW,Zions Bancorporation,Finance
FCA,First Trust China AlphaDEX Fund,n/a
JPT,Nuveen Preferred and Income 2022 Term Fund,n/a
CPS,Cooper-Standard Holdings Inc.,Capital Goods
PRMW,Primo Water Corporation,Consumer Non-Durables
MDC,"M.D.C. Holdings, Inc.",Capital Goods
CSU,Capital Senior Living Corporation,Health Care
SCSC,"ScanSource, Inc.",Technology
OXBR,Oxbridge Re Holdings Limited,Finance
ESCA,"Escalade, Incorporated",Consumer Non-Durables
TSEM,Tower Semiconductor Ltd.,Technology
ANIP,"ANI Pharmaceuticals, Inc.",Health Care
SYRS,"Syros Pharmaceuticals, Inc.",Health Care
MEIP,"MEI Pharma, Inc.",Health Care
ETRM,EnteroMedics Inc.,Health Care
PGJ,PowerShares Golden Dragon China Portfolio,n/a
CRVS,"Corvus Pharmaceuticals, Inc.",Health Care
BTE,Baytex Energy Corp,Energy
BBN,BalckRock Taxable Municipal Bond Trust,n/a
CLNS^D,"Colony NorthStar, Inc.",n/a
HRMN,Harmony Merger Corp.,Public Utilities
JSYN,Jensyn Acquistion Corp.,Finance
HMLP,Hoegh LNG Partners LP,Consumer Services
GNCMA,"General Communication, Inc.",Public Utilities
NHF,Highland Funds I,n/a
CASC,"Cascadian Therapeutics, Inc.",Health Care
NIHD,"NII Holdings, Inc.",Public Utilities
SGMA,"SigmaTron International, Inc.",Technology
RF,Regions Financial Corporation,Finance
EXPO,"Exponent, Inc.",Consumer Services
PNR,Pentair plc.,Technology
STKS,"The ONE Group Hospitality, Inc.",Consumer Services
ALEX,"Alexander & Baldwin Holdings, Inc.",Finance
ALB,Albemarle Corporation,Basic Industries
WY,Weyerhaeuser Company,Consumer Services
FCH^A,FelCor Lodging Trust Incorporated,Consumer Services
TAL,TAL Education Group,Consumer Services
FNHC,Federated National Holding Company,Finance
KIM^I,Kimco Realty Corporation,n/a
KITE,"Kite Pharma, Inc.",Health Care
HF,"HFF, Inc.",Consumer Services
FRT,Federal Realty Investment Trust,Consumer Services
SKLN,Skyline Medical Inc.,Health Care
ANET,"Arista Networks, Inc.",Technology
CI,Cigna Corporation,Health Care
NID,Nuveen Intermediate Duration Municipal Term Fund,n/a
FLGT,"Fulgent Genetics, Inc.",Health Care
PPG,"PPG Industries, Inc.",Basic Industries
TDG,Transdigm Group Incorporated,Capital Goods
ACGLP,Arch Capital Group Ltd.,Finance
BOJA,"Bojangles', Inc.",Consumer Services
GLUU,Glu Mobile Inc.,Technology
AIV,Apartment Investment and Management Company,Consumer Services
VSTO,Vista Outdoor Inc.,Capital Goods
FITBI,Fifth Third Bancorp,Finance
TREE,"LendingTree, Inc.",Finance
ADMA,ADMA Biologics Inc,Health Care
NVTA,Invitae Corporation,Health Care
PRTK,"Paratek Pharmaceuticals, Inc. ",Health Care
AIRR,First Trust RBA American Industrial Renaissance ETF,n/a
MPACU,Matlin & Partners Acquisition Corporation,Finance
RDY,Dr. Reddy's Laboratories Ltd,Health Care
GYC,Corporate Asset Backed Corp CABCO,Finance
MVC,"MVC Capital, Inc.",n/a
CHRW,"C.H. Robinson Worldwide, Inc.",Transportation
ONCS,OncoSec Medical Incorporated,Health Care
MIN,MFS Intermediate Income Trust,n/a
VREX,Varex Imaging Corporation,Capital Goods
SDLP,Seadrill Partners LLC,Energy
LPTH,"LightPath Technologies, Inc.",Technology
EIGR,"Eiger BioPharmaceuticals, Inc.",Health Care
ARI^C,Apollo Commercial Real Estate Finance,n/a
TCBIP,"Texas Capital Bancshares, Inc.",Finance
BKN,BlackRock Investment Quality Municipal Trust Inc. (The),n/a
SENEA,Seneca Foods Corp.,Consumer Non-Durables
NUW,Nuveen AMT-Free Municipal Value Fund,n/a
GSHTU,"Gores Holdings II, Inc.",Finance
VNTV,"Vantiv, Inc.",Miscellaneous
MYOK,"MyoKardia, Inc.",Health Care
BANC^C,"Banc of California, Inc.",n/a
VECO,Veeco Instruments Inc.,Technology
PCK,Pimco California Municipal Income Fund II,n/a
FIT,"Fitbit, Inc.",Technology
EFSC,Enterprise Financial Services Corporation,Finance
IPXL,"Impax Laboratories, Inc.",Health Care
PAACU,Pacific Special Acquisition Corp.,Finance
EBIX,"Ebix, Inc.",Technology
CGIX,"Cancer Genetics, Inc.",Health Care
SBH,"Sally Beauty Holdings, Inc.",Consumer Services
VSM,"Versum Materials, Inc.",Basic Industries
CBO,CBO (Listing Market - NYSE - Networks A/E),n/a
REXR,"Rexford Industrial Realty, Inc.",Consumer Services
BOOM,DMC Global Inc.,Capital Goods
STAR^F,iStar Financial Inc.,n/a
GMTA,GATX Corporation,Consumer Services
DAR,Darling Ingredients Inc.,Consumer Non-Durables
DGRW,WisdomTree U.S. Quality Dividend Growth Fund,n/a
NRE,NorthStar Realty Europe Corp.,Consumer Services
SWKS,"Skyworks Solutions, Inc.",Technology
EAGLW,Double Eagle Acquisition Corp.,Finance
AVP,"Avon Products, Inc.",Consumer Non-Durables
DSX,Diana Shipping inc.,Transportation
FCH,FelCor Lodging Trust Incorporated,Consumer Services
MNDO,MIND C.T.I. Ltd.,Technology
ANGO,"AngioDynamics, Inc.",Health Care
DST,"DST Systems, Inc.",Technology
BBOX,Black Box Corporation,Technology
TEP,"Tallgrass Energy Partners, LP",Public Utilities
FTSL,First Trust Senior Loan Fund ETF,n/a
BKN,BlackRock Investment Quality Municipal Trust Inc. (The),n/a
VG,Vonage Holdings Corp.,Public Utilities
CSWC,Capital Southwest Corporation,n/a
TA,TravelCenters of America LLC,Consumer Durables
HMY,Harmony Gold Mining Company Limited,Basic Industries
CMLS,Cumulus Media Inc.,Consumer Services
ALOT,"AstroNova, Inc.",Technology
VR,"Validus Holdings, Ltd.",Finance
BIOS,"BioScrip, Inc.",Health Care
CMCM,Cheetah Mobile Inc.,Technology
CLBS,"Caladrius Biosciences, Inc.",Health Care
SYBT,"Stock Yards Bancorp, Inc.",Finance
CUBN,"Commerce Union Bancshares, Inc.",n/a
TUSK,"Mammoth Energy Services, Inc.",Energy
HY,"Hyster-Yale Materials Handling, Inc.",Capital Goods
CEQP,Crestwood Equity Partners LP,Consumer Services
PAA,"Plains All American Pipeline, L.P.",Energy
DB,Deutsche Bank AG,Finance
AFL,Aflac Incorporated,Finance
SHW,Sherwin-Williams Company (The),Consumer Services
KDMN,"Kadmon Holdings, Inc.",Health Care
LXFR,Luxfer Holdings PLC,Basic Industries
LIVN,LivaNova PLC,Health Care
PJH,"Prudential Financial, Inc.",Finance
VIIZ,VelocityShares VIX Medium-Term ETN,Finance
NVGS,Navigator Holdings Ltd.,Transportation
FWP,Forward Pharma A/S,Health Care
ATR,"AptarGroup, Inc.",Consumer Non-Durables
CLA.CL,Capitala Finance Corp.,n/a
SFR,Colony Starwood Homes,Consumer Services
SNI,"Scripps Networks Interactive, Inc",Consumer Services
NVTR,Nuvectra Corporation,Health Care
GLP,Global Partners LP,Energy
TGA,Transglobe Energy Corp,Energy
SKLN,Skyline Medical Inc.,Health Care
HBHC,Hancock Holding Company,Finance
VSTO,Vista Outdoor Inc.,Capital Goods
SBPH,"Spring Bank Pharmaceuticals, Inc.",Health Care
PSCI,PowerShares S&P SmallCap Industrials Portfolio,n/a
DHF,Dreyfus High Yield Strategies Fund,n/a
SIFY,Sify Technologies Limited,Technology
ETW,Eaton Vance Corporation,n/a
IGT,International Game Technology,Consumer Services
GIII,"G-III Apparel Group, LTD.",Consumer Non-Durables
TEDU,"Tarena International, Inc.",Consumer Services
ESTE,"Earthstone Energy, Inc.",Energy
GOLF,Acushnet Holdings Corp.,Consumer Non-Durables
CBF,Capital Bank Financial Corp.,Finance
CALM,"Cal-Maine Foods, Inc.",Consumer Non-Durables
RES,"RPC, Inc.",Energy
PTHN,Patheon N.V.,Health Care
DHIL,"Diamond Hill Investment Group, Inc.",Finance
CTAS,Cintas Corporation,Consumer Non-Durables
TSI,"TCW Strategic Income Fund, Inc.",n/a
FSFR,Fifth Street Senior Floating Rate Corp.,n/a
ANIK,Anika Therapeutics Inc.,Health Care
LNCE,"Snyder's-Lance, Inc.",Consumer Non-Durables
EKSO,"Ekso Bionics Holdings, Inc.",Capital Goods
MCHX,"Marchex, Inc.",Miscellaneous
EIGI,"Endurance International Group Holdings, Inc.",Technology
NMM,Navios Maritime Partners LP,Transportation
MNP,"Western Asset Municipal Partners Fund, Inc.",n/a
ORIT,Oritani Financial Corp.,Finance
AUY,Yamana Gold Inc.,Basic Industries
MICTW,"Micronet Enertec Technologies, Inc.",Capital Goods
TEX,Terex Corporation,Capital Goods
GBX,"Greenbrier Companies, Inc. (The)",Capital Goods
APB,"Asia Pacific Fund, Inc. (The)",n/a
PHG,Koninklijke Philips N.V.,Energy
KN,Knowles Corporation,Consumer Non-Durables
DAN,Dana Incorporated,Capital Goods
PNC,"PNC Financial Services Group, Inc. (The)",Finance
Q,"Quintiles IMS Holdings, Inc.",Health Care
HHC,Howard Hughes Corporation (The),Consumer Services
RIBTW,RiceBran Technologies,Consumer Non-Durables
NTLA,"Intellia Therapeutics, Inc.",Health Care
FCCO,First Community Corporation,Finance
ASGN,"On Assignment, Inc.",Technology
RVLT,"Revolution Lighting Technologies, Inc.",Consumer Durables
PQ,Petroquest Energy Inc,Energy
TRST,TrustCo Bank Corp NY,Finance
NUV,Nuveen AMT-Free Municipal Value Fund,n/a
VLY^A,Valley National Bancorp,Finance
KOSS,Koss Corporation,Consumer Non-Durables
LGCYO,Legacy Reserves LP,Energy
CX,Cemex S.A.B. de C.V.,Capital Goods
ODP,"Office Depot, Inc.",Consumer Services
VMC,Vulcan Materials Company,Basic Industries
BMI,"Badger Meter, Inc.",Capital Goods
OMAA,OM Asset Management plc,Finance
PICO,PICO Holdings Inc.,Finance
PKO,Pimco Income Opportunity Fund,n/a
SVA,"Sinovac Biotech, Ltd.",Health Care
DPS,"Dr Pepper Snapple Group, Inc",Consumer Non-Durables
WOOF,VCA Inc. ,Consumer Non-Durables
SPNE,SeaSpine Holdings Corporation,Health Care
CPF,CPB Inc.,Finance
T,AT&T Inc.,Public Utilities
NS,Nustar Energy L.P.,Energy
CELH,"Celsius Holdings, Inc.",Consumer Non-Durables
SAN^I,"Banco Santander, S.A.",n/a
GOV,Government Properties Income Trust,Finance
FBM,"Foundation Building Materials, Inc.",Consumer Services
EQBK,"Equity Bancshares, Inc.",Finance
KYN,Kayne Anderson MLP Investment Company,n/a
ASTE,"Astec Industries, Inc.",Capital Goods
NDP,"Tortoise Energy Independence Fund, Inc.",n/a
HMST,"HomeStreet, Inc.",Finance
MTB,M&T Bank Corporation,Finance
ATLC,Atlanticus Holdings Corporation,Finance
EMCI,EMC Insurance Group Inc.,Finance
DCIX,Diana Containerships Inc.,Transportation
AGI,Alamos Gold Inc.,Basic Industries
DKS,Dick's Sporting Goods Inc,Consumer Services
AFSI^E,"AmTrust Financial Services, Inc.",n/a
AMRN,Amarin Corporation plc,Health Care
UL,Unilever PLC,Basic Industries
ATAX,"America First Multifamily Investors, L.P.",Finance
WFC^J,Wells Fargo & Company,n/a
WD,"Walker & Dunlop, Inc.",Finance
KMPR,Kemper Corporation,Finance
KREF,KKR Real Estate Finance Trust Inc.,Consumer Services
CXO,Concho Resources Inc.,Energy
IROQ,"IF Bancorp, Inc.",Finance
INBK,First Internet Bancorp,Finance
ATAX,"America First Multifamily Investors, L.P.",Finance
ITT,ITT Inc.,Capital Goods
GPIA,GP Investments Acquisition Corp.,Consumer Durables
APVO,Aptevo Therapeutics Inc.,Health Care
SGMS,Scientific Games Corp,Technology
BPT,BP Prudhoe Bay Royalty Trust,Energy
ZFGN,"Zafgen, Inc.",Health Care
SRSC,Sears Canada Inc. ,Consumer Services
GXP^B,Great Plains Energy Inc,n/a
PLYAW,Playa Hotels & Resorts N.V.,Consumer Services
THW,Tekla World Healthcare Fund,n/a
MNE,Blackrock Muni New York Intermediate Duration Fund Inc,n/a
SYNL,Synalloy Corporation,Basic Industries
DK,"Delek US Holdings, Inc.",Energy
IRMD,iRadimed Corporation,Health Care
CFCOU,CF Corporation,Finance
TST,"TheStreet, Inc.",Consumer Services
MRO,Marathon Oil Corporation,Energy
RICE,Rice Energy Inc.,Energy
SCSC,"ScanSource, Inc.",Technology
WFC^J,Wells Fargo & Company,n/a
FCFS,"First Cash, Inc.",Consumer Services
EOI,Eaton Vance Enhance Equity Income Fund,n/a
AGYS,"Agilysys, Inc.",Technology
JCE,Nuveen Core Equity Alpha Fund,n/a
STMP,Stamps.com Inc.,Miscellaneous
FOSL,"Fossil Group, Inc.",Consumer Non-Durables
AGO,Assured Guaranty Ltd.,Finance
AAPL,Apple Inc.,Technology
CBZ,"CBIZ, Inc.",Miscellaneous
TISA,"Top Image Systems, Ltd.",Technology
SKT,"Tanger Factory Outlet Centers, Inc.",Consumer Services
YUMC,"Yum China Holdings, Inc.",Consumer Services
WCFB,"WCF Bancorp, Inc.",Finance
STAR^I,iStar Financial Inc.,n/a
TRPX,Therapix Biosciences Ltd.,Health Care
ESEA,Euroseas Ltd.,Transportation
FTXO,First Trust Nasdaq Bank ETF,n/a
TNP^E,Tsakos Energy Navigation Ltd,n/a
OLBK,"Old Line Bancshares, Inc.",Finance
GBLIL,Global Indemnity Limited,Finance
WAT,Waters Corporation,Capital Goods
MTB^,M&T Bank Corporation,n/a
MPA,Blackrock MuniYield Pennsylvania Quality Fund,n/a
FHN^A,First Horizon National Corporation,n/a
TVTY,"Tivity Health, Inc.",Health Care
UPS,"United Parcel Service, Inc.",Transportation
PBI^B,Pitney Bowes Inc.,n/a
NATR,"Nature's Sunshine Products, Inc.",Health Care
MIND,"Mitcham Industries, Inc.",Technology
NAT,Nordic American Tankers Limited,Consumer Services
BBT^G,BB&T Corporation,n/a
PBCT,"People's United Financial, Inc.",Finance
EVRI,Everi Holdings Inc.,Finance
CAKE,The Cheesecake Factory Incorporated,Consumer Services
FBIO,"Fortress Biotech, Inc.",Health Care
PMO,Putnam Municipal Opportunities Trust,n/a
CASM,"CAS Medical Systems, Inc.",Health Care
FVC,First Trust Dorsey Wright Dynamic Focus 5 ETF,n/a
BOXC,Brookfield Canada Office Properties,Consumer Services
FONR,Fonar Corporation,Health Care
KNDI,"Kandi Technologies Group, Inc.",Capital Goods
XPO,"XPO Logistics, Inc.",Consumer Services
EVR,Evercore Partners Inc,Finance
MET^A,"MetLife, Inc.",n/a
TTF,"Thai Fund, Inc. (The)",n/a
SWM,"Schweitzer-Mauduit International, Inc.",Basic Industries
ALSK,"Alaska Communications Systems Group, Inc.",Public Utilities
MDC,"M.D.C. Holdings, Inc.",Capital Goods
AVT,"Avnet, Inc.",Consumer Non-Durables
FLDM,Fluidigm Corporation,Capital Goods
FB,"Facebook, Inc.",Technology
QQEW,First Trust NASDAQ-100 Equal Weighted Index Fund,n/a
GEL,"Genesis Energy, L.P.",Energy
RTN,Raytheon Company,Capital Goods
NNN,National Retail Properties,Consumer Services
IVENC,Ivy NextShares,n/a
FNJN,"Finjan Holdings, Inc.",Miscellaneous
GEOS,Geospace Technologies Corporation,Capital Goods
FBIO,"Fortress Biotech, Inc.",Health Care
CMRE^D,Costamare Inc.,n/a
BMTC,Bryn Mawr Bank Corporation,Finance
VRX,"Valeant Pharmaceuticals International, Inc.",Health Care
PHT,Pioneer High Income Trust,n/a
EPR^C,EPR Properties,n/a
SNFCA,Security National Financial Corporation,Finance
KEX,Kirby Corporation,Consumer Services
CRTO,Criteo S.A.,Technology
CERN,Cerner Corporation,Technology
PZZA,"Papa John's International, Inc.",Consumer Services
HRTX,"Heron Therapeutics, Inc.  ",Health Care
CIZN,Citizens Holding Company,Finance
JSM,Navient Corporation,Finance
NEOG,Neogen Corporation,Health Care
LL,"Lumber Liquidators Holdings, Inc",Consumer Services
WDR,"Waddell & Reed Financial, Inc.",Finance
AFSI^D,"AmTrust Financial Services, Inc.",n/a
TGI,"Triumph Group, Inc.",Capital Goods
TBNK,Territorial Bancorp Inc.,Finance
JQC,Nuveen Credit Strategies Income Fund,n/a
GALE,"Galena Biopharma, Inc.",Health Care
LXU,Lsb Industries Inc.,Basic Industries
PPP,Primero Mining Corp,Basic Industries
JELD,"JELD-WEN Holding, Inc.",Basic Industries
CLAC,Capitol Acquisition Corp. III,Finance
IIVI,II-VI Incorporated,Capital Goods
SBFGP,"SB Financial Group, Inc.",Finance
SKX,"Skechers U.S.A., Inc.",Consumer Non-Durables
CPAAU,Conyers Park Acquisition Corp.,Finance
ABY,Atlantica Yield plc,Public Utilities
GOOGL,Alphabet Inc.,Technology
BOFI,"BofI Holding, Inc.",Finance
CCIH,ChinaCache International Holdings Ltd.,Technology
IMI,"Intermolecular, Inc.",Technology
NGHCP,National General Holdings Corp,Finance
FPXI,First Trust International IPO ETF,n/a
OPY,"Oppenheimer Holdings, Inc.",Finance
GMLP,Golar LNG Partners LP,Consumer Services
AAN,"Aaron's,  Inc.",Technology
ASTC,Astrotech Corporation,Capital Goods
TECH,Bio-Techne Corp,Health Care
KTOV,Kitov Pharmaceuticals Holdings Ltd.,Health Care
BKSC,Bank of South Carolina Corp.,Finance
SCACU,Saban Capital Acquisition Corp.,n/a
DIS,Walt Disney Company (The),Consumer Services
SINO,"Sino-Global Shipping America, Ltd.",Transportation
DSX^B,Diana Shipping inc.,n/a
PCK,Pimco California Municipal Income Fund II,n/a
TSQ,"Townsquare Media, Inc.",Consumer Services
NID,Nuveen Intermediate Duration Municipal Term Fund,n/a
CMRX,"Chimerix, Inc.",Health Care
ARTNA,Artesian Resources Corporation,Public Utilities
TCBIL,"Texas Capital Bancshares, Inc.",Finance
GWGH,"GWG Holdings, Inc",Finance
FCT,First Trust Senior Floating Rate Income Fund II,n/a
MDSO,"Medidata Solutions, Inc.",Technology
HSEA,HSBC Holdings plc,Finance
LITB,"LightInTheBox Holding Co., Ltd.",Consumer Services
VBND,Vident Core U.S. Bond Strategy Fund,n/a
CUBI^E,"Customers Bancorp, Inc",n/a
GTIM,Good Times Restaurants Inc.,Consumer Services
IROQ,"IF Bancorp, Inc.",Finance
AFSI^D,"AmTrust Financial Services, Inc.",n/a
FCFS,"First Cash, Inc.",Consumer Services
CIBR,First Trust NASDAQ Cybersecurity ETF,n/a
NWS,News Corporation,Consumer Services
FRAN,Francesca's Holdings Corporation,Consumer Services
FMSA,Fairmount Santrol Holdings Inc.,Basic Industries
STT^D,State Street Corporation,n/a
P,"Pandora Media, Inc.",Consumer Services
IIF,"Morgan Stanley India Investment Fund, Inc.",n/a
PII,Polaris Industries Inc.,Capital Goods
CSBR,"Champions Oncology, Inc.",Health Care
BJRI,"BJ's Restaurants, Inc.",Consumer Services
IXYS,IXYS Corporation,Technology
FMCIW,Forum Merger Corporation,Finance
GRX^B,The Gabelli Healthcare & Wellness Trust,n/a
LOCO,"El Pollo Loco Holdings, Inc.",Consumer Services
LYV,"Live Nation Entertainment, Inc.",Consumer Services
ABUS,Arbutus Biopharma Corporation,Health Care
QQQX,Nuveen NASDAQ 100 Dynamic Overwrite Fund,n/a
AHT^A,Ashford Hospitality Trust Inc,n/a
MNE,Blackrock Muni New York Intermediate Duration Fund Inc,n/a
DNR,Denbury Resources Inc.,Energy
TORM          ,TOR Minerals International Inc,Basic Industries
SXC,"SunCoke Energy, Inc.",Basic Industries
ASET,FlexShares Real Assets Allocation Index Fund,n/a
CHEK,Check-Cap Ltd.,Health Care
SFLY,"Shutterfly, Inc.",Miscellaneous
GDL^B,The GDL Fund,n/a
PSCC,PowerShares S&P SmallCap Consumer Staples Portfolio,n/a
MATX,"Matson, Inc.",Consumer Services
CHH,"Choice Hotels International, Inc.",Consumer Services
KED,Kayne Anderson Energy Development Company,n/a
RFT,RAIT Financial Trust,Consumer Services
TCF^B,TCF Financial Corporation,n/a
CLGX,"CoreLogic, Inc.",Technology
TECK,Teck Resources Ltd,Basic Industries
EE,El Paso Electric Company,Public Utilities
HIIQ,"Health Insurance Innovations, Inc.",Finance
AVT,"Avnet, Inc.",Consumer Non-Durables
NYMTP,"New York Mortgage Trust, Inc.",Finance
BYM,Blackrock Municipal Income Quality Trust,n/a
ICLR,ICON plc,Health Care
MCK,McKesson Corporation,Health Care
GYC,Corporate Asset Backed Corp CABCO,Finance
IPCI,Intellipharmaceutics International Inc.,Health Care
PKD,Parker Drilling Company,Energy
BGCA,"BGC Partners, Inc.",Finance
UPLD,"Upland Software, Inc.",Technology
ECCA,Eagle Point Credit Company Inc.,n/a
NCMI,"National CineMedia, Inc.",Consumer Services
ESS,"Essex Property Trust, Inc.",Consumer Services
WCN,"Waste Connections, Inc.",Public Utilities
HIIQ,"Health Insurance Innovations, Inc.",Finance
GSHT,"Gores Holdings II, Inc.",Finance
EFOI,"Energy Focus, Inc.",Consumer Durables
MTT,Western Asset Municipal Defined Opportunity Trust Inc,n/a
ONDK,"On Deck Capital, Inc.",Finance
SNH,Senior Housing Properties Trust,Consumer Services
NMZ,Nuveen Municipal High Income Opportunity Fund,n/a
IPHI,Inphi Corporation,Technology
TDW,Tidewater Inc.,Consumer Services
FOSL,"Fossil Group, Inc.",Consumer Non-Durables
ARTNA,Artesian Resources Corporation,Public Utilities
SJW,SJW Group,Public Utilities
AKR,Acadia Realty Trust,Consumer Services
RDN,Radian Group Inc.,Finance
LMOS,Lumos Networks Corp.,Public Utilities
PWOD,"Penns Woods Bancorp, Inc.",Finance
SPIL,"Siliconware Precision Industries Company, Ltd.",Technology
TGT,Target Corporation,Consumer Services
ICUI,"ICU Medical, Inc.",Health Care
HCHC,"HC2 Holdings, Inc.",Capital Goods
KOP,Koppers Holdings Inc.,Basic Industries
GPIA,GP Investments Acquisition Corp.,Consumer Durables
SOHOB,Sotherly Hotels Inc.,Consumer Services
INFR,Legg Mason Global Infrastructure ETF,n/a
SPN,"Superior Energy Services, Inc.",Energy
MPAA,"Motorcar Parts of America, Inc.",Capital Goods
ESE,ESCO Technologies Inc.,Consumer Durables
HTBK,Heritage Commerce Corp,Finance
TNP,Tsakos Energy Navigation Ltd,Transportation
CHH,"Choice Hotels International, Inc.",Consumer Services
MOD,Modine Manufacturing Company,Capital Goods
CLNS^H,"Colony NorthStar, Inc.",n/a
AVP,"Avon Products, Inc.",Consumer Non-Durables
OHAI,OHA Investment Corporation,n/a
ALDX,"Aldeyra Therapeutics, Inc.",Health Care
ZN,Zion Oil & Gas Inc,Energy
CNMD,CONMED Corporation,Health Care
TTWO,"Take-Two Interactive Software, Inc.",Technology
DIS,Walt Disney Company (The),Consumer Services
PSCC,PowerShares S&P SmallCap Consumer Staples Portfolio,n/a
LCI,Lannett Co Inc,Health Care
AN,"AutoNation, Inc.",Consumer Durables
COLL,"Collegium Pharmaceutical, Inc.",Health Care
CATO,Cato Corporation (The),Consumer Services
ACRX,"AcelRx Pharmaceuticals, Inc.",Health Care
HYXE,iShares iBoxx $ High Yield ex Oil & Gas Corporate Bond ETF,n/a
ALX,"Alexander's, Inc.",Consumer Services
STRA,"Strayer Education, Inc.",Consumer Services
SAIC,SCIENCE APPLICATIONS INTERNATIONAL CORPORATION,Technology
XHR,"Xenia Hotels & Resorts, Inc.",Consumer Services
OCN,Ocwen Financial Corporation,Finance
AF,Astoria Financial Corporation,Finance
WU,Western Union Company (The),Miscellaneous
NMS,Nuveen Minnesota Quality Municipal Income Fund,n/a
RRD,R.R. Donnelley & Sons Company,Miscellaneous
SYBT,"Stock Yards Bancorp, Inc.",Finance
KR,Kroger Company (The),Consumer Services
ATH,Athene Holding Ltd.,Finance
CBAK,"CBAK Energy Technology, Inc.",Miscellaneous
ATV,"Acorn International, Inc.",Consumer Services
ARMK,Aramark,Consumer Services
CFC^B,Countrywide Financial Corporation,n/a
BFO,Blackrock Florida Municipal 2020 Term Trust,n/a
DY,"Dycom Industries, Inc.",Basic Industries
TAC,TransAlta Corporation,Public Utilities
MDVX,Medovex Corp.,Health Care
BBBY,Bed Bath & Beyond Inc.,Consumer Services
PSC,Principal U.S. Small Cap Index ETF,n/a
NOC,Northrop Grumman Corporation,Capital Goods
WPG^H,Washington Prime Group Inc.,n/a
THST,"Truett-Hurst, Inc.",Consumer Non-Durables
SPNS,Sapiens International Corporation N.V.,Technology
RMT,"Royce Micro-Cap Trust, Inc.",n/a
MERC,Mercer International Inc.,Basic Industries
OBSV,ObsEva SA,Health Care
BHK,Blackrock Core Bond Trust,n/a
HWCC,Houston Wire & Cable Company,Consumer Non-Durables
IVR^B,INVESCO MORTGAGE CAPITAL INC,n/a
IPL^D,Interstate Power and Light Company,n/a
MTR,Mesa Royalty Trust,Energy
RXIIW,RXi Pharmaceuticals Corporation,Health Care
TRC,Tejon Ranch Co,Finance
LHO,LaSalle Hotel Properties,Consumer Services
NYMTO,"New York Mortgage Trust, Inc.",Consumer Services
BDN,Brandywine Realty Trust,Consumer Services
